artifact_name,artifact_path,classes_,final_estimator_type,load_status,model_repr,module,n_features_in_,object_type,params,pipeline_steps
"balanced_smote__ANN_MLP.pkl","D:\Project\DataMining-DataWarehouse\Source\artifacts\modeling_results\trained_models\balanced_smote__ANN_MLP.pkl","[0 1]","MLPClassifier","ok","Pipeline(steps=[('prep',
                 ColumnTransformer(transformers=[('num',
                                                  Pipeline(steps=[('imputer',
                                                                   SimpleImputer(strategy='median')),
                                                                  ('scaler',
                                                                   StandardScaler())]),
                                                  ['amt', 'amt_log',
                                                   'trans_count_hourly',
                                                   'amt_x_distance', 'hour',
                                                   'merchant_avg_amount',
                                                   'merchant_fraud_rate',
                                                   'is_weekend',
                                                   'merchant_trans_count',
                                                   'age', 'trans_count_daily',
                                                   'dayofweek',
                                                   'time_since_last_transaction_min',
                                                   'month', 'city_pop', 'lat',
                                                   'long', 'distance_km',
                                                   'merch_long',
                                                   'merch_lat'])])),
                ('svd', TruncatedSVD(n_components=20, random_state=42)),
                ('clf',
                 MLPClassifier(early_stopping=True, hidden_layer_sizes=(64, 32),
                               max_iter=40, random_state=42))])","sklearn.pipeline","20","Pipeline","{""memory"": null, ""steps"": [[""prep"", ""ColumnTransformer(transformers=[('num',\n                                 Pipeline(steps=[('imputer',\n                                                  SimpleImputer(strategy='median')),\n                                                 ('scaler', StandardScaler())]),\n                                 ['amt', 'amt_log', 'trans_count_hourly',\n                                  'amt_x_distance', 'hour',\n                                  'merchant_avg_amount', 'merchant_fraud_rate',\n                                  'is_weekend', 'merchant_trans_count', 'age',\n                                  'trans_count_daily', 'dayofweek',\n                                  'time_since_last_transaction_min', 'month',\n                                  'city_pop', 'lat', 'long', 'distance_km',\n                                  'merch_long', 'merch_lat'])])""], [""svd"", ""TruncatedSVD(n_components=20, random_state=42)""], [""clf"", ""MLPClassifier(early_stopping=True, hidden_layer_sizes=(64, 32), max_iter=40,\n              random_state=42)""]], ""transform_input"": null, ""verbose"": false}","[""prep"", ""svd"", ""clf""]"
"balanced_smote__Bayesian_GaussianNB.pkl","D:\Project\DataMining-DataWarehouse\Source\artifacts\modeling_results\trained_models\balanced_smote__Bayesian_GaussianNB.pkl","[0 1]","GaussianNB","ok","Pipeline(steps=[('prep',
                 ColumnTransformer(transformers=[('num',
                                                  Pipeline(steps=[('imputer',
                                                                   SimpleImputer(strategy='median')),
                                                                  ('scaler',
                                                                   StandardScaler())]),
                                                  ['amt', 'amt_log',
                                                   'trans_count_hourly',
                                                   'amt_x_distance', 'hour',
                                                   'merchant_avg_amount',
                                                   'merchant_fraud_rate',
                                                   'is_weekend',
                                                   'merchant_trans_count',
                                                   'age', 'trans_count_daily',
                                                   'dayofweek',
                                                   'time_since_last_transaction_min',
                                                   'month', 'city_pop', 'lat',
                                                   'long', 'distance_km',
                                                   'merch_long',
                                                   'merch_lat'])])),
                ('svd', TruncatedSVD(n_components=20, random_state=42)),
                ('clf', GaussianNB())])","sklearn.pipeline","20","Pipeline","{""memory"": null, ""steps"": [[""prep"", ""ColumnTransformer(transformers=[('num',\n                                 Pipeline(steps=[('imputer',\n                                                  SimpleImputer(strategy='median')),\n                                                 ('scaler', StandardScaler())]),\n                                 ['amt', 'amt_log', 'trans_count_hourly',\n                                  'amt_x_distance', 'hour',\n                                  'merchant_avg_amount', 'merchant_fraud_rate',\n                                  'is_weekend', 'merchant_trans_count', 'age',\n                                  'trans_count_daily', 'dayofweek',\n                                  'time_since_last_transaction_min', 'month',\n                                  'city_pop', 'lat', 'long', 'distance_km',\n                                  'merch_long', 'merch_lat'])])""], [""svd"", ""TruncatedSVD(n_components=20, random_state=42)""], [""clf"", ""GaussianNB()""]], ""transform_input"": null, ""verbose"": false}","[""prep"", ""svd"", ""clf""]"
"balanced_smote__DecisionTree.pkl","D:\Project\DataMining-DataWarehouse\Source\artifacts\modeling_results\trained_models\balanced_smote__DecisionTree.pkl","[0 1]","DecisionTreeClassifier","ok","Pipeline(steps=[('prep',
                 ColumnTransformer(transformers=[('num',
                                                  Pipeline(steps=[('imputer',
                                                                   SimpleImputer(strategy='median')),
                                                                  ('scaler',
                                                                   StandardScaler())]),
                                                  ['amt', 'amt_log',
                                                   'trans_count_hourly',
                                                   'amt_x_distance', 'hour',
                                                   'merchant_avg_amount',
                                                   'merchant_fraud_rate',
                                                   'is_weekend',
                                                   'merchant_trans_count',
                                                   'age', 'trans_count_daily',
                                                   'dayofweek',
                                                   'time_since_last_transaction_min',
                                                   'month', 'city_pop', 'lat',
                                                   'long', 'distance_km',
                                                   'merch_long',
                                                   'merch_lat'])])),
                ('clf',
                 DecisionTreeClassifier(class_weight='balanced', max_depth=12,
                                        min_samples_leaf=20,
                                        random_state=42))])","sklearn.pipeline","20","Pipeline","{""memory"": null, ""steps"": [[""prep"", ""ColumnTransformer(transformers=[('num',\n                                 Pipeline(steps=[('imputer',\n                                                  SimpleImputer(strategy='median')),\n                                                 ('scaler', StandardScaler())]),\n                                 ['amt', 'amt_log', 'trans_count_hourly',\n                                  'amt_x_distance', 'hour',\n                                  'merchant_avg_amount', 'merchant_fraud_rate',\n                                  'is_weekend', 'merchant_trans_count', 'age',\n                                  'trans_count_daily', 'dayofweek',\n                                  'time_since_last_transaction_min', 'month',\n                                  'city_pop', 'lat', 'long', 'distance_km',\n                                  'merch_long', 'merch_lat'])])""], [""clf"", ""DecisionTreeClassifier(class_weight='balanced', max_depth=12,\n                       min_samples_leaf=20, random_state=42)""]], ""transform_input"": null, ""verbose"": false}","[""prep"", ""clf""]"
"balanced_smote__LogisticRegression.pkl","D:\Project\DataMining-DataWarehouse\Source\artifacts\modeling_results\trained_models\balanced_smote__LogisticRegression.pkl","[0 1]","LogisticRegression","ok","Pipeline(steps=[('prep',
                 ColumnTransformer(transformers=[('num',
                                                  Pipeline(steps=[('imputer',
                                                                   SimpleImputer(strategy='median')),
                                                                  ('scaler',
                                                                   StandardScaler())]),
                                                  ['amt', 'amt_log',
                                                   'trans_count_hourly',
                                                   'amt_x_distance', 'hour',
                                                   'merchant_avg_amount',
                                                   'merchant_fraud_rate',
                                                   'is_weekend',
                                                   'merchant_trans_count',
                                                   'age', 'trans_count_daily',
                                                   'dayofweek',
                                                   'time_since_last_transaction_min',
                                                   'month', 'city_pop', 'lat',
                                                   'long', 'distance_km',
                                                   'merch_long',
                                                   'merch_lat'])])),
                ('clf',
                 LogisticRegression(class_weight='balanced', max_iter=300,
                                    n_jobs=-1, random_state=42))])","sklearn.pipeline","20","Pipeline","{""memory"": null, ""steps"": [[""prep"", ""ColumnTransformer(transformers=[('num',\n                                 Pipeline(steps=[('imputer',\n                                                  SimpleImputer(strategy='median')),\n                                                 ('scaler', StandardScaler())]),\n                                 ['amt', 'amt_log', 'trans_count_hourly',\n                                  'amt_x_distance', 'hour',\n                                  'merchant_avg_amount', 'merchant_fraud_rate',\n                                  'is_weekend', 'merchant_trans_count', 'age',\n                                  'trans_count_daily', 'dayofweek',\n                                  'time_since_last_transaction_min', 'month',\n                                  'city_pop', 'lat', 'long', 'distance_km',\n                                  'merch_long', 'merch_lat'])])""], [""clf"", ""LogisticRegression(class_weight='balanced', max_iter=300, n_jobs=-1,\n                   random_state=42)""]], ""transform_input"": null, ""verbose"": false}","[""prep"", ""clf""]"
"imbalanced__ANN_MLP.pkl","D:\Project\DataMining-DataWarehouse\Source\artifacts\modeling_results\trained_models\imbalanced__ANN_MLP.pkl","[0 1]","MLPClassifier","ok","Pipeline(steps=[('prep',
                 ColumnTransformer(transformers=[('num',
                                                  Pipeline(steps=[('imputer',
                                                                   SimpleImputer(strategy='median')),
                                                                  ('scaler',
                                                                   StandardScaler())]),
                                                  ['amt', 'amt_log',
                                                   'trans_count_hourly',
                                                   'amt_x_distance', 'hour',
                                                   'merchant_avg_amount',
                                                   'merchant_fraud_rate',
                                                   'is_weekend',
                                                   'merchant_trans_count',
                                                   'age', 'trans_count_daily',
                                                   'dayofweek',
                                                   'time_since_last_transaction_min',
                                                   'month', 'city_pop', 'lat',
                                                   'long', 'distance_km',
                                                   'merch_long',
                                                   'merch_lat'])])),
                ('svd', TruncatedSVD(n_components=20, random_state=42)),
                ('clf',
                 MLPClassifier(early_stopping=True, hidden_layer_sizes=(64, 32),
                               random_state=42))])","sklearn.pipeline","20","Pipeline","{""memory"": null, ""steps"": [[""prep"", ""ColumnTransformer(transformers=[('num',\n                                 Pipeline(steps=[('imputer',\n                                                  SimpleImputer(strategy='median')),\n                                                 ('scaler', StandardScaler())]),\n                                 ['amt', 'amt_log', 'trans_count_hourly',\n                                  'amt_x_distance', 'hour',\n                                  'merchant_avg_amount', 'merchant_fraud_rate',\n                                  'is_weekend', 'merchant_trans_count', 'age',\n                                  'trans_count_daily', 'dayofweek',\n                                  'time_since_last_transaction_min', 'month',\n                                  'city_pop', 'lat', 'long', 'distance_km',\n                                  'merch_long', 'merch_lat'])])""], [""svd"", ""TruncatedSVD(n_components=20, random_state=42)""], [""clf"", ""MLPClassifier(early_stopping=True, hidden_layer_sizes=(64, 32), random_state=42)""]], ""transform_input"": null, ""verbose"": false}","[""prep"", ""svd"", ""clf""]"
"imbalanced__Bayesian_GaussianNB.pkl","D:\Project\DataMining-DataWarehouse\Source\artifacts\modeling_results\trained_models\imbalanced__Bayesian_GaussianNB.pkl","[0 1]","GaussianNB","ok","Pipeline(steps=[('prep',
                 ColumnTransformer(transformers=[('num',
                                                  Pipeline(steps=[('imputer',
                                                                   SimpleImputer(strategy='median')),
                                                                  ('scaler',
                                                                   StandardScaler())]),
                                                  ['amt', 'amt_log',
                                                   'trans_count_hourly',
                                                   'amt_x_distance', 'hour',
                                                   'merchant_avg_amount',
                                                   'merchant_fraud_rate',
                                                   'is_weekend',
                                                   'merchant_trans_count',
                                                   'age', 'trans_count_daily',
                                                   'dayofweek',
                                                   'time_since_last_transaction_min',
                                                   'month', 'city_pop', 'lat',
                                                   'long', 'distance_km',
                                                   'merch_long',
                                                   'merch_lat'])])),
                ('svd', TruncatedSVD(n_components=20, random_state=42)),
                ('clf', GaussianNB())])","sklearn.pipeline","20","Pipeline","{""memory"": null, ""steps"": [[""prep"", ""ColumnTransformer(transformers=[('num',\n                                 Pipeline(steps=[('imputer',\n                                                  SimpleImputer(strategy='median')),\n                                                 ('scaler', StandardScaler())]),\n                                 ['amt', 'amt_log', 'trans_count_hourly',\n                                  'amt_x_distance', 'hour',\n                                  'merchant_avg_amount', 'merchant_fraud_rate',\n                                  'is_weekend', 'merchant_trans_count', 'age',\n                                  'trans_count_daily', 'dayofweek',\n                                  'time_since_last_transaction_min', 'month',\n                                  'city_pop', 'lat', 'long', 'distance_km',\n                                  'merch_long', 'merch_lat'])])""], [""svd"", ""TruncatedSVD(n_components=20, random_state=42)""], [""clf"", ""GaussianNB()""]], ""transform_input"": null, ""verbose"": false}","[""prep"", ""svd"", ""clf""]"
"imbalanced__DecisionTree.pkl","D:\Project\DataMining-DataWarehouse\Source\artifacts\modeling_results\trained_models\imbalanced__DecisionTree.pkl","[0 1]","DecisionTreeClassifier","ok","Pipeline(steps=[('prep',
                 ColumnTransformer(transformers=[('num',
                                                  Pipeline(steps=[('imputer',
                                                                   SimpleImputer(strategy='median')),
                                                                  ('scaler',
                                                                   StandardScaler())]),
                                                  ['amt', 'amt_log',
                                                   'trans_count_hourly',
                                                   'amt_x_distance', 'hour',
                                                   'merchant_avg_amount',
                                                   'merchant_fraud_rate',
                                                   'is_weekend',
                                                   'merchant_trans_count',
                                                   'age', 'trans_count_daily',
                                                   'dayofweek',
                                                   'time_since_last_transaction_min',
                                                   'month', 'city_pop', 'lat',
                                                   'long', 'distance_km',
                                                   'merch_long',
                                                   'merch_lat'])])),
                ('clf',
                 DecisionTreeClassifier(class_weight='balanced', max_depth=12,
                                        min_samples_leaf=20,
                                        random_state=42))])","sklearn.pipeline","20","Pipeline","{""memory"": null, ""steps"": [[""prep"", ""ColumnTransformer(transformers=[('num',\n                                 Pipeline(steps=[('imputer',\n                                                  SimpleImputer(strategy='median')),\n                                                 ('scaler', StandardScaler())]),\n                                 ['amt', 'amt_log', 'trans_count_hourly',\n                                  'amt_x_distance', 'hour',\n                                  'merchant_avg_amount', 'merchant_fraud_rate',\n                                  'is_weekend', 'merchant_trans_count', 'age',\n                                  'trans_count_daily', 'dayofweek',\n                                  'time_since_last_transaction_min', 'month',\n                                  'city_pop', 'lat', 'long', 'distance_km',\n                                  'merch_long', 'merch_lat'])])""], [""clf"", ""DecisionTreeClassifier(class_weight='balanced', max_depth=12,\n                       min_samples_leaf=20, random_state=42)""]], ""transform_input"": null, ""verbose"": false}","[""prep"", ""clf""]"
"imbalanced__LogisticRegression.pkl","D:\Project\DataMining-DataWarehouse\Source\artifacts\modeling_results\trained_models\imbalanced__LogisticRegression.pkl","[0 1]","LogisticRegression","ok","Pipeline(steps=[('prep',
                 ColumnTransformer(transformers=[('num',
                                                  Pipeline(steps=[('imputer',
                                                                   SimpleImputer(strategy='median')),
                                                                  ('scaler',
                                                                   StandardScaler())]),
                                                  ['amt', 'amt_log',
                                                   'trans_count_hourly',
                                                   'amt_x_distance', 'hour',
                                                   'merchant_avg_amount',
                                                   'merchant_fraud_rate',
                                                   'is_weekend',
                                                   'merchant_trans_count',
                                                   'age', 'trans_count_daily',
                                                   'dayofweek',
                                                   'time_since_last_transaction_min',
                                                   'month', 'city_pop', 'lat',
                                                   'long', 'distance_km',
                                                   'merch_long',
                                                   'merch_lat'])])),
                ('clf',
                 LogisticRegression(class_weight='balanced', max_iter=300,
                                    n_jobs=-1, random_state=42))])","sklearn.pipeline","20","Pipeline","{""memory"": null, ""steps"": [[""prep"", ""ColumnTransformer(transformers=[('num',\n                                 Pipeline(steps=[('imputer',\n                                                  SimpleImputer(strategy='median')),\n                                                 ('scaler', StandardScaler())]),\n                                 ['amt', 'amt_log', 'trans_count_hourly',\n                                  'amt_x_distance', 'hour',\n                                  'merchant_avg_amount', 'merchant_fraud_rate',\n                                  'is_weekend', 'merchant_trans_count', 'age',\n                                  'trans_count_daily', 'dayofweek',\n                                  'time_since_last_transaction_min', 'month',\n                                  'city_pop', 'lat', 'long', 'distance_km',\n                                  'merch_long', 'merch_lat'])])""], [""clf"", ""LogisticRegression(class_weight='balanced', max_iter=300, n_jobs=-1,\n                   random_state=42)""]], ""transform_input"": null, ""verbose"": false}","[""prep"", ""clf""]"